121,AAAAAATGCTCAAGTAGTTTTATTCTATGTAATGATTGCCGCGTGGGCGCTTGCACGCGTGGGCGTTGGCATTAGCGTGGGCGTTTTGTTCAGCGTCTGCCTGTCGTTGGCAGGGTCGCTATAAGTATATAAAGACGGGATTATCATTTTTTTTTTTTAATATTAATGCATTATGTATAATAAATTTTTCTTTTACTTACAAACACCAAGTCATCACCCATAATACTTTCTATATTAAATATCCTTA
5949,AAATTCTGCAAGATTTAAGAAGGTATTGTGAGCTATGGCTGCGTGGGCGGAACCCGGCGTGGGCGTGGATGGTAGCGTGGGCGATTATATAGCCCTTTTTACTTTTCTGTGAATAAGTGGATAAGTATATAAAGACGGATTTCTTGCTTTTATTTTTTTTTTTTGTTTTTTTGTTTTTTTTTTTTCTTCACTTACTTAAGTGTCACCAAGACCAACATATAAAAATTTCTACCTATTCTAATTATCA
12191,AAGGCGTTCTTTCGAAAGCGCGGGCATGTGTGTGTGTAGAGCGTGGGCGGCCTTCGGCGTGGGCGGTGCCGCGGGCGTGGGCGGTCAAATGGGGTGTCAGGCCCGAGCGGCATAGGGGGGATAAGTATATAAAGACGGGTTTTTTTTGTATTCGTTTGATTATGCTTTTGCTTTATGTGAAATTAATAAAGTTTTGTTTTCTTCACCAAGTTTCCTAAAATAATCATTTAACTATAAACTTATCAAA
27630,ACCGTATATTCTGTGTTGTTATAGAGATGACTTATGTAAGGCGTGGGCGTTAACGAGCGTGGGCGCTTTCTGTAGCGTGGGCGGTTTCCATAGAAACGGATTGCTTCGGTTGATTCGGGAATAAGTATATAAAGACGGTGATGTGTTTAGTTATTTGTTTTATATTATATTTTGTTTGTTTGGAAGTTTATTTTTGTACACCTCACCAAGCTCATAATTCTATTAATTAAAAACTTCTTCTAATCTA
31308,ACTATTAAGAGTACGTAAGTGAGTAGTAATCTTGTGAATTGCGTGGGCGTTATGTAGCGTGGGCGGAGCCATCCGCGTGGGCGACAGGGAGACAAGGATAAGGGTACAGTAAAGGAGGGGATAAGTATATAAAGACGGGAATTCTCACTTATATTTTTTATTATTTTATGTTTAGTTTATTTATTGTATATTTTAATTATATTCACCAAGACACTATCATTTTTTTCCTTCCCCTTCCTACACCCTA
50933,AGTGATTATTTTGTAAAGTCATTTAGCAATGTTTTATATTGCGTGGGCGAACTGCAGCGTGGGCGTCAATCTAGGCGTGGGCGCTCATTTGATACGAACAGCAAGATCCTGAAGCGCCATATAAGTATATAAAGACGGAATGTTTGAATTTTCTATAATAGGTTTATTTTGAATAATTTCTCAGTTATATTACATCTTTTCTTCACCAAGAACTCCAAAATCTACTCACCTCAATAAATATTATCCA
56147,ATAAGATTAATTCAACGATAGCCTGCACGCTACGAAGAATGCGTGGGCGATCCTGGGCGTGGGCGGAGATCGCGGCGTGGGCGGCTATGTGGGAATTTGCTCATCAGCATTCGCTGTATCATAAGTATATAAAGACGGTTTTTTAATTTTTTTATTTTAGTGGGTTATTAATGGTTGTTCTAATTATTTTTTCTAAGTTTTTTCACCAAGTATTTTTTTAAACTTTCCCACTTTTCACTCACCTCTA
59077,ATAGCCTAAAAGTGTTAGGTTTGTTTAAAACTGTAGTAAGGCGTGGGCGTGTCGATGCGTGGGCGCTCTATGGTGCGTGGGCGATGAATCTGTTTTACAACACACCTTAGACGGGGCGATATAAGTATATAAAGACGGTATTAGAGCTCTGTATGTTTAGTAATTAATATATTTTTTTTTTTTTTTCCCCGCTTGATTCATTACACCAAGACATCCATTCATTTTTTATCTATCTTTCTACCTCCTA
62526,ATATTAATGTTTACGGCAGATTGTTCAGTCATGCCGAAACGCGTGGGCGTCGTGCCGCGTGGGCGGGAGGGTGGGCGTGGGCGCGGATACTAAAACCTGTGGAGCGGGGGTCAACAAATAATAAGTATATAAAGACGGAGGTTTTTTACATATTATCAGTGTTTGTTCTTTCTGCTTATAGACACAGTTCTTTTTTTGTTTTACACCAAGATCATTAAACCACTCTCTCATAATCCTTATCTTTAAA
66361,ATCGTTTTATATTGTGTAGGTTGCGAGTGTCAAAAAGAATGCGTGGGCGCTTTATAGCGTGGGCGGCAACTATAGCGTGGGCGACAAATTAATTATCGACTGAAATAGCCACACATGTTAATAAGTATATAAAGACGGTATTTTCTTACATAATCATGTATTTAATTTAAGGTTTTTCATTATATTAGTTTAATAATGTTATACACCAAGATATCTCTTTCAATACTCTAAATCCATACCCCTTTTA
72934,ATGTATCGGTATAAGAATGTTTAAATGGCAAAATGTTTACGCGTGGGCGAAAGCAAGCGTGGGCGACATCTCTTGCGTGGGCGGCCGGGGACCACCCGACGGGAGGAGAAAGCAGCGGGGATAAGTATATAAAGACGGTATCATTGGTAAGAGTTTTGAGTGTTCGTTTAATTTTTTAAATTTATTATTTTTTGAATTTTTTTCACCAAGCTTTTTTAAACTAACTAAATTATATTTATATCATCAA
73456,ATGTCTTTTGGGAATTTGTGCCGCTTGGTGATTGGTTGATGCGTGGGCGTACTGAGGCGTGGGCGTAGACGTCCGCGTGGGCGGATTCCCACCCAAACAGTTCAAATCAACGCAAAGAACATAAGTATATAAAGACGGCATGTGTTATTTTTTTCGTTAATTATTTTTCTGATTTTTTGTTTTTATATAGATTATAAAAACTTCACCAAGATAACTTATTAAAACAAAAATTCCAACTATCCTACTA
78784,ATTCAGAACATGCTAAACTCTCGTATGCAAGGGAACCGATGCGTGGGCGCACGGGGGCGTGGGCGGTCTGCACTGCGTGGGCGGCTACATCCCCAGGATGCGGTTAGTGAACAAGTAGTAATAAGTATATAAAGACGGATGAGTTTCGAATGTGTATTTCTATTTTTGTTCATTTTATTTGAATAGTATATTATGCAATAGAGCACCAAGTACCTCTCTTTCACATACTCATCAAATAATTCTTTTA
85750,ATTTGTTTATAGATTAGTCATGGTGATTCAGGTGGATAGTGCGTGGGCGTTTTACTGCGTGGGCGTTCTGATGGGCGTGGGCGCCTATCGCCAAGACGGGCCATTGGGCGGATTCAGATCATAAGTATATAAAGACGGGTTAAAAATGATAATTTTAACTGTAATTTTTTCACATTATTCTTTTTGTTTAATGTGTTAGTTGCCACCAAGATTCTTATAACCAACATATCTATTATATCCTCTTTCA
95646,CATCAATTTCCATGGTTATTGCAGCTGGATCGGGCATGCCGCGTGGGCGCACAATTGCGTGGGCGTGATTCTACGCGTGGGCGCTTGGATCGGTATCTTAGGGATATTGTTTACCTTTAAATAAGTATATAAAGACGGATTTGCTGTGCCTGATATTAATATTGTATTTTATTTGTGTTTGTGCTAAGTTAATTGTTGTTTCCCACCAAGCCTTATCCACTTTTTATACAAAACACCAATTACCCCA
114914,CTATATTTCTCTTTGATGGTTTTATTCCGCTTTGAGGCCTGCGTGGGCGTTGTGCCGCGTGGGCGTACTGTGCCGCGTGGGCGGTTTCGCAGGCGCATGTGATAGCGAGGAACCTACGGGATAAGTATATAAAGACGGTTTGATTTTGTTATTGTAATAAATGTTTCAGTTATTTTTTTAGATTTAGTACATGTACTTTGTATCACCAAGAACACACTTTCTATCAACCCCTTATTTCCAACCTCAA
122496,CTTCATTACATGAACTTTGGAATTAGTTATGGTGTACATAGCGTGGGCGAGGGAATGCGTGGGCGGTATATTCGGCGTGGGCGGCTATCATCGCAGCTAAGGGGCAAAGTCATTGATCGCATAAGTATATAAAGACGGTATGGTAAGAGCATTTTTAGTTGAATGTTTGATATTTTAATCCTATAATTTATCGTTTCTTATAGCACCAAGTTTCACACCATCATTCACACTATTCATCAAACTTAAA
128117,GAACTGTGTTGCTAATAGTATATAGAGATGAGATACTCTTGCGTGGGCGCTGTGTGGCGTGGGCGTGCACGTAAGCGTGGGCGAAGTTGCCTTCGGGTGTGCCCTCAGGGGCGAGGCGGAATAAGTATATAAAGACGGATTATATATTCGATATATTATTGTTTATATTATATCTTTATTATTTTTGAGGTTTTTTTTTTTTTCACCAAGTCCCAAAAATCTATTCCCCTTAATATATCAACCTATA
145959,GCACGTTGTGTGGTGATTAAAGTGGTTTTACTTGTAAACAGCGTGGGCGCAGGATGGCGTGGGCGTTGCGTTCTGCGTGGGCGAATACTGATTTTGATAGTTCTCGGCATCGGTCAACTTATAAGTATATAAAGACGGCTTTTTTATTACTACATTTTATATAGAAGTTTATTTTTAGTTTACAAGTTTAAATTAATATATTTCACCAAGATACCCCCTAATTCAAATAACATACCAAAACACACCA
157341,GGATAGTAATGTACTCGTTATTTCAATATTGGGTGACTATGCGTGGGCGCTCGGAGGCGTGGGCGTTATTAGTTGCGTGGGCGTCCATAACGATCGTAACACGTACCCAAAATCTTGACCATAAGTATATAAAGACGGCATGTGGCTTTTATAATTGTTCTCTGTTTTTTTTGTTATATTTGTATCTAGGATTTTTTTATTTGCACCAAGATCACCTAAAATTTTTCACTCTCATCTAATAACTTCA
161620,GGGAATATTGTTATTGGTTTCTGGTTATCTGTGTTTGATTGCGTGGGCGTCGCACAGCGTGGGCGTGCTAACAAGCGTGGGCGTAATTAAGGTAACCGCGCTTTGACGCACCACGGAGTAATAAGTATATAAAGACGGTAAGTATGTGTTATCATTGAAGTTTTATGATTTTTTTGATTATTATTATTTGTTAGTTAGTATAACACCAAGCATAACTACACTTAATCAATTTTTTCAAATCACCCCA
173708,GGTTTTTGGGGGTCTGTTACGCTTTACTGAAGGTGTTAATGCGTGGGCGTCTTCAGGCGTGGGCGACGTGGAAGGCGTGGGCGGACTGCGACTTTTGCGGTTCTACTCGTTTTGTATACAATAAGTATATAAAGACGGTCTTATTTTTCTGTATATCTTTGAGAAAGCCAGTTTTTTTTTTTATTTTAAGTTTCATTAATCATCACCAAGCTTTAACACCCTTAATTCAAATAACACTCTCTCTATA
200548,GTTTTAGCTTGAGAAAATTTGAACATGTGAAAATTAACATGCGTGGGCGGTGCCGTGCGTGGGCGGAACTTCACGCGTGGGCGTGGAGCAATCCTTTAACTCAATCCCTCACCACCCCTCATAAGTATATAAAGACGGATTTTTTTTAACTTCTAGTGATGTTTTTTAGATTTTTACTTAACTTGGGTTTACTTTTTTTATTGCACCAAGAAATTCTTTTCCCATAAATATCTCATTATAACTAACA
225137,TATATGGATCGTCTATCTAAGGATTTTAATACTCAATATTGCGTGGGCGGGCTGGGGCGTGGGCGAATTTGATGGCGTGGGCGATATGGTAACTTATTGGATTACCCCGGATTCCAAAGGATAAGTATATAAAGACGGTTTTATGTATTTTTGCTTTGTTAGTATGCATTTATGAACTTTGTTTTTTTAGATTTAGGAATTTACACCAAGCATAATAAATATTACTCTTATATCCTCATAATTTTTA
226699,TATCGTTCTTTATTAAGAACACTAAGGTCTACTTTTACAAGCGTGGGCGAGTCTATGCGTGGGCGCAAAACATAGCGTGGGCGATTAATGCCTCTTCGGGTATCTGATGATCTCGCAGCCATAAGTATATAAAGACGGGTTATCTATTTTGTTAAAGTAGTAAATAAGGTACATGAATTTCTTTCATTTTATTTTTTTTTAATCACCAAGATTTACAACTTACCCCTTATTCACTTCCCTAACTATA
235775,TCACAATCGCTTCTCACTTTTTTGTAATTTGAGTATTTTCGCGTGGGCGCATTGCGGCGTGGGCGGGGGAGGGGGCGTGGGCGACTAATATCATGGTGCTGTGGATTCTGTTGACCCTAGATAAGTATATAAAGACGGATTTGTACTATACTATAATTTTAGATAAATTTTTATGATTATTTTCGTTATGTGCTTTAATTTTTCACCAAGTTTCAATCTTTTTATTAATCTTTTAATAACATATTAA
246058,TCTCTGTCTTTTATAAAATATGGAGTTGGGTTTTAGTACCGCGTGGGCGTCGTAGTGCGTGGGCGGGCGTCCTAGCGTGGGCGGTATTTTACGTAAATTTGCGCTGCTTGGCAAGTAATTATAAGTATATAAAGACGGTTATTGTTAACCTTCCATAGATTTCTTTGATTTATTCTTAATATTTTAATCTTAATTAATATTCACACCAAGTCAATTTCTATTAACATTTTCATATAATATATTTCAA
248825,TCTTTCGGATTCTTCCATGGTATTGAATACATGTGTCAAAGCGTGGGCGGTAAACCGCGTGGGCGTAGCGTAGGGCGTGGGCGGCTATTTATCTTTCAAGACTATACGCCGAATAATATGATAAGTATATAAAGACGGATTGTGTCTATTTTGTTATCATTATAATTGATCTTTATACTATTTCATTTCATTTACTTTGGTTTCACCAAGTATCACCAAACATACACCACCTACCATTACCACCCCA
256562,TGATTTTGCTGTGTTTGGCATTTAATTTTACTTATTGGCCGCGTGGGCGGCGTAACGCGTGGGCGAGATAGAGGGCGTGGGCGTGGATTTGCAGGTCCATGTGAAACCTTAAGCGCTTGAATAAGTATATAAAGACGGCTTATTAATTATTTAATGAAAACCCTTTAAATTTTTTGGTTTTTATTTTTTATATGATTCTTTTACACCAAGATTCTCAATATCTAACTATAATTTTTAATAATCTCTA
257480,TGCATGAGTTATACATGTGGCATTAGTTGTTAATTTGTATGCGTGGGCGTGGTCAGGCGTGGGCGACTTTTCGCGCGTGGGCGAGTTTATTTCTGAGTGTCCTAGTGACATAAAAGGCACATAAGTATATAAAGACGGACAGTTTTTTTTATTAATTTTTATTTCTATATTTGTATTTTTTCTAGTTTTTTCTATTTTTGGTTCACCAAGTACATCCATTCTCCCCACTTTCTTATTATCAATTTCA
266923,TGGTTCTTACTGATACTAATAGGAGAGCTTTGTTGAGGTTGCGTGGGCGAGACTCAGCGTGGGCGCACAGACCAGCGTGGGCGGCTAAAATCGGTTTTTCCACCAGATTGATGGGTGGGAATAAGTATATAAAGACGGTCCTAGTTAATTTATACTACAGACGTTTTTATGTTGTTTGTATATTTGTATAAGATTTTAAATTTCACCAAGTTTTCCACTATTCCAATAATATCACATTTTCTTCCCA
267884,TGTAACTATGGGTTTAGAGAAAAAATGTCTGTTAAGATGTGCGTGGGCGGGGGCTGGCGTGGGCGAGGGCCGCGGCGTGGGCGCGCTAATCATAACAAGGCAAACCATAAGAATAAAATTATAAGTATATAAAGACGGTTCAAGATTGTTTTGATAAGTTATTTAGATATTGTACTTAATTTAACTGTATTAGGCTTTGTTGCCACCAAGACCTTTCTTTAAATTTTTTTTCTTCTTCTTTTTCATA
274272,TGTGTTCTCATGTGTAGGTGGACAATTTGTAGTTTGGTTGGCGTGGGCGAGGCTTGGCGTGGGCGAGGGTGTGGGCGTGGGCGTTGGTGCCGCGTGGGGTGTTGAATGACCATAGAAAAAATAAGTATATAAAGACGGAATTATCTTTTTTTTATTTTTGTCTATTATTTTTTAAATTTAATTATATTATTTTGTAAAATTTTCACCAAGATAATTCCCTTACAACACTTTACTTCTACAACCAATA
277918,TGTTTGTTATGAATTCGATGGGGCAGTAGGTATTAGACTCGCGTGGGCGTTTTAGCGCGTGGGCGAATATATTGGCGTGGGCGAGCGGTTAGCCGCCAACCAAGCAGGTCCTCCAAAGGGATAAGTATATAAAGACGGATGTTATTTAAATATTTTTAAAATTATTTGCTTTCATGATTACATATATTTATTCATTTAAAATACACCAAGACAATTTATTTTTTCATCATAAAATTACCTACTTTTA
279949,TTAACTATTACTGTAATAACCTGTTTATTTATTCGTTTATGCGTGGGCGAAATATAGCGTGGGCGTTTAGTGCCGCGTGGGCGCACGGTGAATGTGAATTTTTTCAGTTTTCTAGATTACATAAGTATATAAAGACGGAATTATTTTAAATTTTCTTAATATTTTTGGTCTTATATGTTTATTTTTTTGAATGAACTAAATATCACCAAGTTCTTTATACTTATACTACCTCTCAAACTATACTTCA
293664,TTCCTAATGGTTTTTCGGGGCGGCGTTTTGATTGTGTTTTGCGTGGGCGTTTTTATGCGTGGGCGTAGTTGGGTGCGTGGGCGGGGGCTGATGATAGACATTGTGAGACTACGTGGTCCAATAAGTATATAAAGACGGCCTTTATTCTTTTATTTTTTAATAAATAATTTGGTCATTTATATTTTTTTGTTTCAATACAATATCACCAAGTATTTTCTTTTCATTCTTCAAACATACTTAATCCAAA
306223,TTGTGGTACCAGACAGTTGACCCAGTTTCGTAAGTTTTACGCGTGGGCGGATGAGAGCGTGGGCGCTATTTTAGGCGTGGGCGGCAAATGTATTATTTAAGACTACACCCGAGATGCAGAATAAGTATATAAAGACGGTGCAGGATTTTATTTTGTTTTTTGTTAAATAATTATATTTGTTTATGTTTTTTAATTTATTCTTTCACCAAGCTCCTTAATTTCACACCACCTCTCCCTTTTATCTTTA
